Classifier Model,Accuracy,F1-approaching,F1-receding,F1-stationary
Random Forest,0.8057142857142857,0.8576,0.7152317880794702,0.0
Logistic Regression,0.7764285714285715,0.8320441988950277,0.6879505664263645,0.0
Support Vector Machine,0.79,0.841225626740947,0.7119675456389453,0.0
K-Nearest Neighbors,0.7764285714285715,0.8371352785145889,0.6651785714285714,0.0
Gradient Boosting,0.81,0.8618316569613552,0.7231638418079096,0.0
