,Accuracy,F1 (Towards)
One-Class SVM,0.7728571428571429,0.6285046728971962
Isolation Forest,0.5385714285714286,0.45896147403685095
Local Outlier Factor,0.7842857142857143,0.6413301662707839
