,Accuracy,Precision (approaching),Recall (approaching),F1-Score (approaching),Precision (receding),Recall (receding),F1-Score (receding)
Random Forest,1.0,1.0,1.0,1.0,1.0,1.0,1.0
Logistic Regression,0.7394416607015032,0.8106904231625836,0.789587852494577,0.8,0.6112224448897795,0.6421052631578947,0.6262833675564682
Support Vector Machine,0.7501789549033644,0.8489646772228989,0.7559652928416486,0.7997705106138842,0.609375,0.7389473684210527,0.6679352997145576
K-Nearest Neighbors,0.7329992841803865,0.7886435331230284,0.8134490238611713,0.800854244527496,0.6143497757847534,0.5768421052631579,0.5950054288816504
Gradient Boosting,1.0,1.0,1.0,1.0,1.0,1.0,1.0
