Algorithm,F1-Score,Accuracy,Precision,Recall
One-Class SVM (nu=0.05),0.4062015503875969,0.7446666666666667,0.49063670411985016,0.34656084656084657
Isolation Forest (100 est),0.5097312326227988,0.6473333333333333,0.39229671897289586,0.7275132275132276
Autoencoder (Narrow),0.4786821705426357,0.6413333333333333,0.37767584097859325,0.6534391534391535
