Algorithm,F1-Score,Accuracy,Precision,Recall
Naive Baseline (vel < -0.05),0.4921052631578947,0.7242857142857143,0.3839835728952772,0.684981684981685
One-Class SVM (nu=0.01),0.5063538611925709,0.6392857142857142,0.3453333333333333,0.9487179487179487
One-Class SVM (nu=0.05),0.512,0.6514285714285715,0.35213204951856947,0.9377289377289377
Isolation Forest (100 est),0.48942598187311176,0.6378571428571429,0.3375,0.8901098901098901
Isolation Forest (200 est),0.49794238683127573,0.6514285714285715,0.34620886981402005,0.8864468864468864
Local Outlier Factor,0.3345771144278607,0.2357142857142857,0.20149812734082398,0.9853479853479854
Autoencoder (Narrow),0.3746397694524496,0.38,0.23318385650224216,0.9523809523809523
Autoencoder (Wide),0.38909358879882094,0.40785714285714286,0.24354243542435425,0.967032967032967
