Algorithm,F1-Score,Accuracy,Precision,Recall
One-Class SVM (nu=0.01),0.6349206349206349,0.5728571428571428,0.471441523118767,0.9719626168224299
One-Class SVM (nu=0.05),0.6563307493540051,0.62,0.5014807502467917,0.9495327102803738
Isolation Forest (100 est),0.5769230769230769,0.4657142857142857,0.41362530413625304,0.9532710280373832
Isolation Forest (200 est),0.5675082327113062,0.43714285714285717,0.4017094017094017,0.9663551401869159
Local Outlier Factor,0.6100890207715134,0.5307142857142857,0.4469565217391304,0.9607476635514018
Autoencoder (Narrow),0.5712682379349046,0.4542857142857143,0.4081796311146752,0.9514018691588785
Autoencoder (Wide),0.6423632935260842,0.5935714285714285,0.48390151515151514,0.9551401869158879
