Algorithm,F1-Score,Accuracy,Precision,Recall
Naive Baseline (vel < -0.05 over 3 frames),0.4921052631578947,0.7242857142857143,0.3839835728952772,0.684981684981685
One-Class SVM (nu=0.01),0.5024533856722276,0.6378571428571429,0.34316353887399464,0.9377289377289377
One-Class SVM (nu=0.05),0.5059760956175299,0.6457142857142857,0.34746922024623805,0.9304029304029304
Isolation Forest (100 est),0.47342995169082125,0.6107142857142858,0.3215223097112861,0.8974358974358975
Isolation Forest (200 est),0.49290060851926976,0.6428571428571429,0.34081346423562414,0.8901098901098901
Local Outlier Factor,0.33664596273291925,0.23714285714285716,0.20269259536275244,0.9926739926739927
Autoencoder (Narrow),0.3747307968413496,0.37785714285714284,0.2330357142857143,0.9560439560439561
Autoencoder (Wide),0.4098101265822785,0.46714285714285714,0.2613521695257316,0.9487179487179487
