Encounter_ID,Peak_Speed,Min_TTC,Risk_Level
1,0.01264345364307794,1.9517188603692837,HIGH
2,0.017382071999942555,1.2296342541503948,HIGH
